"id","first_name","last_name","full_name","nickname","avatar","bio","tick","followings_count","followers_count","likes_count","website_url","facebook_url","youtube_url","twitter_url","instagram_url","created_at","updated_at"
2,"?ao Le","Ph??ng Hoa","?ao Le Ph??ng Hoa","hoaahanassii","https://tse3.mm.bing.net/th/id/OIP.5dJYOihKRkSgH_j7b3LUpQHaEo?rs=1&pid=ImgDetMain","? 1998 ?\nVietnam ????\n??NG L?Y VIDEO C?A TOI ?I SO SANH N?A. XIN HAY TON TR?NG !",True,1,87,1000,"https://fullstack.edu.vn/","","","","",2022/05/05 23:10:05,2022/05/05 23:11:39
3,"Nguy?n","V?n A","Nguy?n V?n A","nguyenvana","https://example.com/avatar/3.jpg","Just a regular dev ??",True,2,45,1200,"https://nguyenvana.dev","","","","",2022/06/01 12:00:00,2022/06/01 12:10:00
4,"Tr?n","Th? B","Tr?n Th? B","tranb_cute","https://example.com/avatar/4.jpg","?? Code & Chill ??",False,10,250,3400,"","","","","",2022/06/05 14:00:00,2022/06/05 14:20:00
5,"Le","Hoang C","Le Hoang C","lehoang.dev","https://th.bing.com/th/id/R.b957f8485b8c5747442b331fdb9d258a?rik=02UDzKCQk8ZBjg&riu=http%3a%2f%2f1.bp.blogspot.com%2f-tR3yiX3M1kU%2fUidDWhWnA_I%2fAAAAAAAADCc%2fJMHEct-vOEA%2fs1600%2fanh-dep-lam-hinh-nen-may-tinh-3.jpg&ehk=rTGBAdpM%2bzBWp8SWWzz900cpFf5Y0JSom2uzLAPSHOw%3d&risl=&pid=ImgRaw&r=0","Backend wizard ??",True,3,67,789,"","","","","",2022/07/10 10:00:00,2022/07/10 10:10:00
6,"Ph?m","Duy D","Ph?m Duy D","phamduy_io","https://example.com/avatar/6.jpg","Music + Coding ????",False,7,129,2048,"","","","","",2022/08/12 11:11:11,2022/08/12 11:22:22
7,"Hoang","Minh E","Hoang Minh E","hoangminh","https://anhdepfree.com/wp-content/uploads/2018/08/hinh-nen-wallpaper-dep-cho-may-tinh.jpg","?? Fullstack dev",True,15,999,9999,"https://hoangminh.me","","","","",2022/09/01 9:00:00,2022/09/01 9:15:00
8,"Ngo","Thanh F","Ngo Thanh F","ngo_f_dev","https://example.com/avatar/8.jpg","Hi there ?? I code.",False,5,300,560,"","","","","",2022/10/20 8:08:08,2022/10/20 8:20:00
9,"?inh","Mai G","?inh Mai G","dinhmai.codes","https://example.com/avatar/9.jpg","?? Frontend & UI lover",True,8,240,3150,"","","","","",2022/11/11 11:11:11,2022/11/11 11:22:22
10,"Bui","Gia H","Bui Gia H","buigia_h","https://example.com/avatar/10.jpg","?am me Java & bong ?a ?",False,12,400,2300,"","","","","",2023/01/01 0:00:00,2023/01/01 0:15:00
11,"V?","H?i I","V? H?i I","vuhai_dev","https://example.com/avatar/11.jpg","?? Developer t? vung bi?n",True,6,180,1450,"","","","","",2023/02/14 14:00:00,2023/02/14 14:30:00
